<?xml version="1.0" encoding="UTF-8"?>
<spirit:component xmlns:xilinx="http://www.xilinx.com" xmlns:spirit="http://www.spiritconsortium.org/XMLSchema/SPIRIT/1685-2009" xmlns:xsi="http://www.w3.org/2001/XMLSchema-instance">
  <spirit:vendor>IntegratedComputingLab.scu.cn</spirit:vendor>
  <spirit:library>ip</spirit:library>
  <spirit:name>lab_clk</spirit:name>
  <spirit:version>1.0</spirit:version>
  <spirit:model>
    <spirit:views>
      <spirit:view>
        <spirit:name>xilinx_verilogsynthesis</spirit:name>
        <spirit:displayName>Verilog Synthesis</spirit:displayName>
        <spirit:envIdentifier>verilogSource:vivado.xilinx.com:synthesis</spirit:envIdentifier>
        <spirit:language>verilog</spirit:language>
        <spirit:modelName>lab_clk</spirit:modelName>
        <spirit:fileSetRef>
          <spirit:localName>xilinx_verilogsynthesis_view_fileset</spirit:localName>
        </spirit:fileSetRef>
        <spirit:parameters>
          <spirit:parameter>
            <spirit:name>viewChecksum</spirit:name>
            <spirit:value>4b8c4e75</spirit:value>
          </spirit:parameter>
        </spirit:parameters>
      </spirit:view>
      <spirit:view>
        <spirit:name>xilinx_verilogbehavioralsimulation</spirit:name>
        <spirit:displayName>Verilog Simulation</spirit:displayName>
        <spirit:envIdentifier>verilogSource:vivado.xilinx.com:simulation</spirit:envIdentifier>
        <spirit:language>verilog</spirit:language>
        <spirit:modelName>lab_clk</spirit:modelName>
        <spirit:fileSetRef>
          <spirit:localName>xilinx_verilogbehavioralsimulation_view_fileset</spirit:localName>
        </spirit:fileSetRef>
        <spirit:parameters>
          <spirit:parameter>
            <spirit:name>viewChecksum</spirit:name>
            <spirit:value>4b8c4e75</spirit:value>
          </spirit:parameter>
        </spirit:parameters>
      </spirit:view>
      <spirit:view>
        <spirit:name>xilinx_xpgui</spirit:name>
        <spirit:displayName>UI Layout</spirit:displayName>
        <spirit:envIdentifier>:vivado.xilinx.com:xgui.ui</spirit:envIdentifier>
        <spirit:fileSetRef>
          <spirit:localName>xilinx_xpgui_view_fileset</spirit:localName>
        </spirit:fileSetRef>
        <spirit:parameters>
          <spirit:parameter>
            <spirit:name>viewChecksum</spirit:name>
            <spirit:value>ca5e6858</spirit:value>
          </spirit:parameter>
        </spirit:parameters>
      </spirit:view>
      <spirit:view>
        <spirit:name>xilinx_utilityxitfiles</spirit:name>
        <spirit:displayName>Utility XIT/TTCL</spirit:displayName>
        <spirit:envIdentifier>:vivado.xilinx.com:xit.util</spirit:envIdentifier>
        <spirit:fileSetRef>
          <spirit:localName>xilinx_utilityxitfiles_view_fileset</spirit:localName>
        </spirit:fileSetRef>
        <spirit:parameters>
          <spirit:parameter>
            <spirit:name>viewChecksum</spirit:name>
            <spirit:value>57c2b61a</spirit:value>
          </spirit:parameter>
        </spirit:parameters>
      </spirit:view>
    </spirit:views>
    <spirit:ports>
      <spirit:port>
        <spirit:name>clk</spirit:name>
        <spirit:wire>
          <spirit:direction>in</spirit:direction>
          <spirit:wireTypeDefs>
            <spirit:wireTypeDef>
              <spirit:typeName>wire</spirit:typeName>
              <spirit:viewNameRef>xilinx_verilogsynthesis</spirit:viewNameRef>
              <spirit:viewNameRef>xilinx_verilogbehavioralsimulation</spirit:viewNameRef>
            </spirit:wireTypeDef>
          </spirit:wireTypeDefs>
          <spirit:driver>
            <spirit:defaultValue>0</spirit:defaultValue>
          </spirit:driver>
        </spirit:wire>
      </spirit:port>
      <spirit:port>
        <spirit:name>clk_div</spirit:name>
        <spirit:wire>
          <spirit:direction>out</spirit:direction>
          <spirit:wireTypeDefs>
            <spirit:wireTypeDef>
              <spirit:typeName>wire</spirit:typeName>
              <spirit:viewNameRef>xilinx_verilogsynthesis</spirit:viewNameRef>
              <spirit:viewNameRef>xilinx_verilogbehavioralsimulation</spirit:viewNameRef>
            </spirit:wireTypeDef>
          </spirit:wireTypeDefs>
          <spirit:driver>
            <spirit:defaultValue>0</spirit:defaultValue>
          </spirit:driver>
        </spirit:wire>
      </spirit:port>
    </spirit:ports>
    <spirit:modelParameters>
      <spirit:modelParameter xsi:type="spirit:nameValueTypeType" spirit:dataType="integer">
        <spirit:name>SRC_CLK_FREQ</spirit:name>
        <spirit:displayName>Src Clk Freq</spirit:displayName>
        <spirit:value spirit:format="long" spirit:resolve="generated" spirit:id="MODELPARAM_VALUE.SRC_CLK_FREQ">100000000</spirit:value>
        <spirit:vendorExtensions>
          <xilinx:parameterInfo>
            <xilinx:enablement>
              <xilinx:isEnabled>false</xilinx:isEnabled>
            </xilinx:enablement>
          </xilinx:parameterInfo>
        </spirit:vendorExtensions>
      </spirit:modelParameter>
      <spirit:modelParameter spirit:dataType="integer">
        <spirit:name>DES_CLK_FREQ</spirit:name>
        <spirit:displayName>Des Clk Freq</spirit:displayName>
        <spirit:value spirit:format="long" spirit:resolve="generated" spirit:id="MODELPARAM_VALUE.DES_CLK_FREQ">1</spirit:value>
      </spirit:modelParameter>
    </spirit:modelParameters>
  </spirit:model>
  <spirit:choices>
    <spirit:choice>
      <spirit:name>choices_0</spirit:name>
      <spirit:enumeration spirit:text="1Hz">1</spirit:enumeration>
      <spirit:enumeration spirit:text="2Hz">2</spirit:enumeration>
      <spirit:enumeration spirit:text="3Hz">3</spirit:enumeration>
      <spirit:enumeration spirit:text="4Hz">4</spirit:enumeration>
      <spirit:enumeration spirit:text="7Hz">7</spirit:enumeration>
      <spirit:enumeration spirit:text="9Hz">9</spirit:enumeration>
      <spirit:enumeration spirit:text="25Hz">24</spirit:enumeration>
      <spirit:enumeration spirit:text="50Hz">49</spirit:enumeration>
      <spirit:enumeration spirit:text="100Hz">99</spirit:enumeration>
      <spirit:enumeration spirit:text="200Hz">199</spirit:enumeration>
      <spirit:enumeration spirit:text="300Hz">299</spirit:enumeration>
      <spirit:enumeration spirit:text="400Hz">399</spirit:enumeration>
      <spirit:enumeration spirit:text="500Hz">499</spirit:enumeration>
      <spirit:enumeration spirit:text="1KHz">999</spirit:enumeration>
      <spirit:enumeration spirit:text="2KHz">1999</spirit:enumeration>
      <spirit:enumeration spirit:text="5KHz">4999</spirit:enumeration>
      <spirit:enumeration spirit:text="10KHz">9999</spirit:enumeration>
      <spirit:enumeration spirit:text="100KHz">99999</spirit:enumeration>
      <spirit:enumeration spirit:text="500KHz">499999</spirit:enumeration>
      <spirit:enumeration spirit:text="1MHz">999999</spirit:enumeration>
      <spirit:enumeration spirit:text="10MHz">9999999</spirit:enumeration>
      <spirit:enumeration spirit:text="50MHz">49999999</spirit:enumeration>
      <spirit:enumeration spirit:text="100MHz">99999998</spirit:enumeration>
    </spirit:choice>
    <spirit:choice>
      <spirit:name>choices_1</spirit:name>
      <spirit:enumeration spirit:text="100MHz">100000000</spirit:enumeration>
    </spirit:choice>
  </spirit:choices>
  <spirit:fileSets>
    <spirit:fileSet>
      <spirit:name>xilinx_verilogsynthesis_view_fileset</spirit:name>
      <spirit:file>
        <spirit:name>lab_clk.v</spirit:name>
        <spirit:fileType>verilogSource</spirit:fileType>
        <spirit:userFileType>CHECKSUM_4b8c4e75</spirit:userFileType>
      </spirit:file>
    </spirit:fileSet>
    <spirit:fileSet>
      <spirit:name>xilinx_verilogbehavioralsimulation_view_fileset</spirit:name>
      <spirit:file>
        <spirit:name>lab_clk.v</spirit:name>
        <spirit:fileType>verilogSource</spirit:fileType>
      </spirit:file>
    </spirit:fileSet>
    <spirit:fileSet>
      <spirit:name>xilinx_xpgui_view_fileset</spirit:name>
      <spirit:file>
        <spirit:name>xgui/lab_clk_v1_0.tcl</spirit:name>
        <spirit:userFileType>XGUI_VERSION_2</spirit:userFileType>
        <spirit:fileType>tclSource</spirit:fileType>
        <spirit:userFileType>CHECKSUM_ca5e6858</spirit:userFileType>
      </spirit:file>
    </spirit:fileSet>
    <spirit:fileSet>
      <spirit:name>xilinx_utilityxitfiles_view_fileset</spirit:name>
      <spirit:file>
        <spirit:name>gui/lab_clk_v1_0.gtcl</spirit:name>
        <spirit:userFileType>GTCL</spirit:userFileType>
      </spirit:file>
    </spirit:fileSet>
  </spirit:fileSets>
  <spirit:description>lab_clk</spirit:description>
  <spirit:parameters>
    <spirit:parameter>
      <spirit:name>Component_Name</spirit:name>
      <spirit:value spirit:resolve="user" spirit:id="PARAM_VALUE.Component_Name" spirit:order="1">lab_clk_v1_0</spirit:value>
    </spirit:parameter>
    <spirit:parameter>
      <spirit:name>SRC_CLK_FREQ</spirit:name>
      <spirit:displayName>Src Clk Freq</spirit:displayName>
      <spirit:value spirit:format="long" spirit:resolve="user" spirit:id="PARAM_VALUE.SRC_CLK_FREQ" spirit:choiceRef="choices_1" spirit:configGroups="0 UnGrouped comboBox">100000000</spirit:value>
      <spirit:vendorExtensions>
        <xilinx:parameterInfo>
          <xilinx:enablement>
            <xilinx:isEnabled>false</xilinx:isEnabled>
          </xilinx:enablement>
        </xilinx:parameterInfo>
      </spirit:vendorExtensions>
    </spirit:parameter>
    <spirit:parameter>
      <spirit:name>DES_CLK_FREQ</spirit:name>
      <spirit:displayName>Des Clk Freq</spirit:displayName>
      <spirit:value spirit:format="long" spirit:resolve="user" spirit:id="PARAM_VALUE.DES_CLK_FREQ" spirit:choiceRef="choices_0" spirit:configGroups="0 UnGrouped comboBox">1</spirit:value>
    </spirit:parameter>
  </spirit:parameters>
  <spirit:vendorExtensions>
    <xilinx:coreExtensions>
      <xilinx:supportedFamilies>
        <xilinx:family xilinx:lifeCycle="Production">artix7</xilinx:family>
      </xilinx:supportedFamilies>
      <xilinx:taxonomies>
        <xilinx:taxonomy>/BaseIP</xilinx:taxonomy>
      </xilinx:taxonomies>
      <xilinx:displayName>lab_clk</xilinx:displayName>
      <xilinx:vendorDisplayName>IntegratedComputingLab.scu.cn</xilinx:vendorDisplayName>
      <xilinx:coreRevision>3</xilinx:coreRevision>
      <xilinx:upgrades>
        <xilinx:canUpgradeFrom>xilinx.com:ip:lab_clk:1.0</xilinx:canUpgradeFrom>
      </xilinx:upgrades>
      <xilinx:coreCreationDateTime>2019-12-03T13:05:06Z</xilinx:coreCreationDateTime>
      <xilinx:tags>
        <xilinx:tag xilinx:name="nopcore"/>
        <xilinx:tag xilinx:name="xilinx.com:ip:lab_clk:1.0_ARCHIVE_LOCATION">F:/FpgaProject</xilinx:tag>
        <xilinx:tag xilinx:name="IntegratedComputingLab.scu.cn:ip:lab_clk:1.0_ARCHIVE_LOCATION">F:/FpgaProject</xilinx:tag>
      </xilinx:tags>
    </xilinx:coreExtensions>
    <xilinx:packagingInfo>
      <xilinx:xilinxVersion>2014.2</xilinx:xilinxVersion>
      <xilinx:checksum xilinx:scope="fileGroups" xilinx:value="33dbc1f3"/>
      <xilinx:checksum xilinx:scope="ports" xilinx:value="037fba46"/>
      <xilinx:checksum xilinx:scope="hdlParameters" xilinx:value="3ae5a15d"/>
      <xilinx:checksum xilinx:scope="parameters" xilinx:value="a07d13cb"/>
    </xilinx:packagingInfo>
  </spirit:vendorExtensions>
</spirit:component>
